Profile Name,Title Name,Country,Utc Title Add Date
La que paga,"Extremely Wicked, Shockingly Evil and Vile",United States,2023-05-30
La que paga,The Mystery of Marilyn Monroe: The Unheard Tapes,United States,2023-05-30
La que paga,Love Is Blind,United States,2023-04-16
La que paga,Money Shot: The Pornhub Story,United States,2023-03-20
La que paga,Synchronic,United States,2023-03-19
La que paga,KAOS,United States,2023-01-09
La que paga,Ginny & Georgia,United States,2023-01-08
La que paga,1899,United States,2022-12-03
La que paga,Our Universe,United States,2022-11-30
La que paga,Breaking Boundaries: The Science Of Our Planet,United States,2022-11-13
La que paga,"Crack: Cocaine, Corruption & Conspiracy",United States,2022-11-13
La que paga,#AnneFrank - Parallel Stories,United States,2022-11-10
La que paga,Triviaverse,United States,2022-11-08
La que paga,Unsolved Mysteries,United States,2022-10-25
La que paga,A Trip to Infinity,United States,2022-10-19
La que paga,Human: The World Within,United States,2022-10-09
La que paga,Get Smart With Money,United States,2022-09-21
La que paga,DAHMER,United States,2022-09-21
La que paga,History 101,United States,2022-09-06
La que paga,Uncoupled,United States,2022-08-02
La que paga,Trivia Quest,United States,2022-04-04
La que paga,High on the Hog: How African American Cuisine Transformed America,United States,2021-06-07
La que paga,Crash Landing on You,United States,2020-12-11
La que paga,Itaewon Class,United States,2020-12-11
La que paga,Shameless (U.S.),United States,2020-07-26
La que paga,On Yoga: The Architecture of Peace,United States,2020-06-20
La que paga,Queer Eye,United States,2019-07-11
La que paga,The Nineties,United States,2019-02-23
La que paga,The 2000s,United States,2019-02-23
La que paga,The Eighties,United States,2019-02-23
La que paga,The Seventies,United States,2019-02-23
La que paga,Secrets of the Solar System,United States,2018-09-23
La que paga,Black Panther,United States,2018-09-11
La que paga,The Babadook,United States,2018-09-07
La que paga,Jeepers Creepers 3,United States,2018-09-07
La que paga,The House of Flowers,United States,2018-08-13
El amigo de la que paga,The Hunger Games,United States,2023-03-04
El amigo de la que paga,Bill Russell: Legend,United States,2023-02-02
El amigo de la que paga,The Movies That Made Us,United States,2022-09-05
El amigo de la que paga,The Boy Who Harnessed the Wind,United States,2022-05-03
El amigo de la que paga,Contagion,United States,2022-05-03
El amigo de la que paga,David Attenborough: A Life on Our Planet,United States,2022-05-03
El amigo de la que paga,Puss in Boots,United States,2022-05-03
El amigo de la que paga,Jiu Jitsu,United States,2022-05-02
El amigo de la que paga,Biggie: I Got a Story to Tell,United States,2022-05-02
El amigo de la que paga,RESIDENT EVIL: Infinite Darkness,United States,2022-05-02
El amigo de la que paga,White Hot: The Rise & Fall of Abercrombie & Fitch,United States,2022-05-02
El amigo de la que paga,Teenage Mutant Ninja Turtles II: The Secret of the Ooze,United States,2022-05-02
El amigo de la que paga,The Devil All The Time,United States,2022-05-02
El amigo de la que paga,The Alpinist,United States,2022-05-02
El amigo de la que paga,Space Force,United States,2022-05-02
El amigo de la que paga,The One,United States,2022-05-02
El amigo de la que paga,American Murder: The Family Next Door,United States,2022-05-02
El amigo de la que paga,FYRE: The Greatest Party That Never Happened,United States,2022-05-02
El amigo de la que paga,Bully,United States,2022-05-02
El amigo de la que paga,Teenage Mutant Ninja Turtles,United States,2022-05-02
El amigo de la que paga,Return to Space,United States,2022-05-02
El amigo de la que paga,Awakenings,United States,2022-05-02
El amigo de la que paga,Memories of a Murderer: The Nilsen Tapes,United States,2022-05-02
El amigo de la que paga,ReMastered: Devil at the Crossroads,United States,2022-05-02
El amigo de la que paga,The Last Blockbuster,United States,2022-05-02
El amigo de la que paga,Perfect Bid: The Contestant Who Knew Too Much,United States,2022-05-02
El amigo de la que paga,How It Ends,United States,2022-05-02
El amigo de la que paga,Argo,United States,2022-05-02
El amigo de la que paga,Marvel Anime: X-Men,United States,2022-05-02
El amigo de la que paga,Teenage Mutant Ninja Turtles III,United States,2022-05-02
El amigo de la que paga,Into the Wild,United States,2022-05-02
El amigo de la que paga,Marvel Anime: Wolverine,United States,2022-05-02
El amigo de la que paga,"tick, tick...BOOM!",United States,2022-03-29
El amigo de la que paga,Blade Runner 2049,United States,2022-03-29
El amigo de la que paga,The Social Dilemma,United States,2022-03-29
El amigo de la que paga,Midnight in Paris,United States,2022-03-29
El amigo de la que paga,The Power of the Dog,United States,2022-03-29
El amigo de la que paga,Age of Samurai: Battle for Japan,United States,2022-02-08
El amigo de la que paga,Darkest Hour,United States,2022-01-15
El amigo de la que paga,The Forgotten Battle,United States,2021-10-26
El amigo de la que paga,Osmosis Jones,United States,2021-10-26
El amigo de la que paga,Murder Mystery,United States,2021-10-26
El amigo de la que paga,Les Mis√©rables,United States,2021-10-26
El amigo de la que paga,Silver Linings Playbook,United States,2021-10-26
El amigo de la que paga,Tommy Boy,United States,2021-10-26
El amigo de la que paga,Batman: The Killing Joke,United States,2021-10-26
El amigo de la que paga,Mowgli: Legend of the Jungle,United States,2021-10-26
El amigo de la que paga,Yes Man,United States,2021-10-26
El amigo de la que paga,My Girl,United States,2021-10-26
El amigo de la que paga,Tenacious D in The Pick of Destiny,United States,2021-10-26
El amigo de la que paga,The Game,United States,2021-10-26
El amigo de la que paga,Going in Style,United States,2021-10-26
El amigo de la que paga,Hall Pass,United States,2021-10-26
